gene_id	variance
ENSG00000229183.8	70.04012298583984
ENSG00000229859.8	67.71928405761719
ENSG00000270103.3	66.75772857666016
ENSG00000256713.7	66.7312240600586
ENSG00000182333.14	62.71912384033203
ENSG00000234648.1	59.19741439819336
ENSG00000258232.2	55.12763214111328
ENSG00000206585.1	54.69140625
ENSG00000201098.1	53.433448791503906
ENSG00000169605.5	52.699188232421875
ENSG00000278144.1	52.595550537109375
ENSG00000170373.8	50.651519775390625
ENSG00000200795.1	50.3359260559082
ENSG00000212283.1	49.525299072265625
ENSG00000105675.8	49.004539489746094
ENSG00000267601.1	48.061832427978516
ENSG00000206634.1	47.65163040161133
ENSG00000238961.1	47.49211120605469
ENSG00000186009.4	46.23794174194336
ENSG00000277300.1	45.63983154296875
ENSG00000278371.2	45.508811950683594
ENSG00000207088.1	45.440101623535156
ENSG00000202538.1	45.208797454833984
ENSG00000207445.1	45.00200653076172
ENSG00000200463.1	44.49287796020508
ENSG00000257411.1	44.25813293457031
ENSG00000265401.1	44.178192138671875
ENSG00000228830.1	44.07463073730469
ENSG00000274430.1	43.99165725708008
ENSG00000209582.1	43.90908432006836
ENSG00000281272.1	43.75749969482422
ENSG00000279119.1	43.496185302734375
ENSG00000134216.18	43.36015319824219
ENSG00000222636.1	43.35493087768555
ENSG00000134812.7	43.044586181640625
ENSG00000199477.1	42.997398376464844
ENSG00000200320.1	42.991092681884766
ENSG00000212464.1	42.846988677978516
ENSG00000208772.1	42.80893325805664
ENSG00000183607.9	42.57728576660156
ENSG00000251920.1	42.44527053833008
ENSG00000280653.1	42.336666107177734
ENSG00000207304.1	42.11765670776367
ENSG00000207145.1	42.08738327026367
ENSG00000274630.1	42.04963684082031
ENSG00000250273.1	41.45325469970703
ENSG00000221676.1	41.23733901977539
ENSG00000201302.1	41.13063430786133
ENSG00000275559.1	41.06137466430664
ENSG00000270123.3	40.73239517211914
ENSG00000265840.1	40.32452392578125
ENSG00000276161.1	40.24258804321289
ENSG00000282785.1	40.204620361328125
ENSG00000238622.1	40.19941711425781
ENSG00000252699.1	40.166648864746094
ENSG00000281052.1	40.164093017578125
ENSG00000199293.1	40.148685455322266
ENSG00000206597.1	40.13164520263672
ENSG00000269900.3	40.086708068847656
ENSG00000275252.1	40.01933670043945
ENSG00000276737.1	40.01933670043945
ENSG00000276796.1	40.01933670043945
ENSG00000210825.1	39.958030700683594
ENSG00000277194.1	39.943782806396484
ENSG00000256220.1	39.34650802612305
ENSG00000230043.1	39.33689498901367
ENSG00000207392.1	39.11365509033203
ENSG00000267815.1	39.08482360839844
ENSG00000187653.11	39.05500030517578
ENSG00000188120.14	39.005680084228516
ENSG00000199347.1	39.005279541015625
ENSG00000204019.4	39.00393295288086
ENSG00000279009.1	38.96288299560547
ENSG00000282122.1	38.870540618896484
ENSG00000201512.1	38.57843780517578
ENSG00000239975.2	38.34685516357422
ENSG00000282651.1	38.2681999206543
ENSG00000238917.1	38.23713302612305
ENSG00000254665.1	37.98789978027344
ENSG00000250321.1	37.97208786010742
ENSG00000244491.1	37.96355438232422
ENSG00000207496.1	37.9592170715332
ENSG00000263986.1	37.938270568847656
ENSG00000240801.1	37.91692352294922
ENSG00000213058.3	37.836524963378906
ENSG00000169340.9	37.56543731689453
ENSG00000176868.2	37.3174934387207
ENSG00000274266.1	37.17112350463867
ENSG00000281457.1	37.02998733520508
ENSG00000211935.3	36.978057861328125
ENSG00000256007.1	36.909549713134766
ENSG00000200534.1	36.77247619628906
ENSG00000225091.3	36.756282806396484
ENSG00000248126.1	36.59877395629883
ENSG00000264462.1	36.419864654541016
ENSG00000275708.1	36.419864654541016
ENSG00000207165.1	36.41630554199219
ENSG00000277887.1	36.36503982543945
ENSG00000279322.1	35.76273727416992
ENSG00000275783.1	35.69218063354492
ENSG00000269972.1	35.41523742675781
ENSG00000281134.1	35.375118255615234
ENSG00000221867.8	35.3723030090332
ENSG00000280843.1	35.32593536376953
ENSG00000280874.1	35.2540283203125
ENSG00000278274.1	35.245765686035156
ENSG00000278868.1	35.2456169128418
ENSG00000129824.15	35.040645599365234
ENSG00000096088.16	34.9552116394043
ENSG00000279753.1	34.90760040283203
ENSG00000122711.8	34.822383880615234
ENSG00000270722.1	34.73696517944336
ENSG00000273623.1	34.58940887451172
ENSG00000224365.1	34.556949615478516
ENSG00000212607.1	34.54341125488281
ENSG00000274309.1	34.514225006103516
ENSG00000257453.1	34.45916748046875
ENSG00000281044.1	34.417545318603516
ENSG00000267580.1	34.312713623046875
ENSG00000206948.1	34.027488708496094
ENSG00000197172.10	34.00603103637695
ENSG00000239183.1	33.89466094970703
ENSG00000184502.3	33.86507034301758
ENSG00000164816.7	33.74514389038086
ENSG00000169876.13	33.721473693847656
ENSG00000242534.2	33.62614440917969
ENSG00000171711.2	33.5745735168457
ENSG00000274210.1	33.47154235839844
ENSG00000207344.1	33.4471549987793
ENSG00000269888.1	33.40028762817383
ENSG00000206838.1	33.38784408569336
ENSG00000277694.1	33.3286018371582
ENSG00000277985.1	33.282344818115234
ENSG00000242255.1	33.023033142089844
ENSG00000131142.13	32.990631103515625
ENSG00000260570.1	32.84916687011719
ENSG00000277918.1	32.8265266418457
ENSG00000276185.1	32.820213317871094
ENSG00000198692.9	32.70289993286133
ENSG00000276027.1	32.599769592285156
ENSG00000207205.1	32.54352569580078
ENSG00000207051.1	32.52131271362305
ENSG00000249835.2	32.36539077758789
ENSG00000169474.4	32.163330078125
ENSG00000280320.1	31.887805938720703
ENSG00000282558.1	31.733224868774414
ENSG00000270066.3	31.599321365356445
ENSG00000264019.1	31.466712951660156
ENSG00000267697.1	31.447534561157227
ENSG00000206828.1	31.40254020690918
ENSG00000242371.1	31.348424911499023
ENSG00000257767.2	31.29749298095703
ENSG00000268565.1	31.269512176513672
ENSG00000131002.11	31.194381713867188
ENSG00000258504.2	31.182085037231445
ENSG00000207233.1	31.09865379333496
ENSG00000276150.1	31.094324111938477
ENSG00000229807.9	31.069332122802734
ENSG00000259112.1	31.04564094543457
ENSG00000241434.1	31.0357723236084
ENSG00000164822.4	31.03517723083496
ENSG00000143556.8	31.009212493896484
ENSG00000172016.15	30.987693786621094
ENSG00000157005.3	30.89345932006836
ENSG00000249971.1	30.866912841796875
ENSG00000256013.1	30.85919952392578
ENSG00000267645.5	30.796977996826172
ENSG00000259132.1	30.793581008911133
ENSG00000199266.1	30.62723731994629
ENSG00000207110.1	30.584056854248047
ENSG00000268942.2	30.56058120727539
ENSG00000275994.1	30.549179077148438
ENSG00000274428.1	30.49896812438965
ENSG00000176728.7	30.454431533813477
ENSG00000201558.1	30.451059341430664
ENSG00000267303.1	30.40789031982422
ENSG00000282639.1	30.40099334716797
ENSG00000257342.1	30.36249351501465
ENSG00000277916.1	30.284400939941406
ENSG00000207067.1	30.281963348388672
ENSG00000221491.2	30.27642822265625
ENSG00000262413.1	30.265331268310547
ENSG00000261684.1	30.231706619262695
ENSG00000264248.1	30.21315574645996
ENSG00000207501.1	30.038166046142578
ENSG00000267881.1	29.9896183013916
ENSG00000224041.3	29.96971893310547
ENSG00000272763.1	29.909631729125977
ENSG00000241069.1	29.895286560058594
ENSG00000254829.1	29.835153579711914
ENSG00000276775.1	29.786643981933594
ENSG00000257764.2	29.778244018554688
ENSG00000204072.3	29.77567481994629
ENSG00000276354.1	29.764022827148438
ENSG00000267125.2	29.695600509643555
ENSG00000258757.1	29.664180755615234
ENSG00000280566.1	29.657405853271484
ENSG00000090402.7	29.639341354370117
ENSG00000227329.2	29.60006332397461
ENSG00000212175.1	29.500574111938477
ENSG00000012817.15	29.49424934387207
ENSG00000268916.5	29.440494537353516
ENSG00000282408.1	29.422550201416016
ENSG00000267576.1	29.417705535888672
ENSG00000270789.1	29.316402435302734
ENSG00000206159.10	29.306537628173828
ENSG00000248993.1	29.16265869140625
ENSG00000281415.1	29.14438819885254
ENSG00000158516.11	29.124286651611328
ENSG00000212135.1	29.09304428100586
ENSG00000254835.1	28.954065322875977
ENSG00000257663.1	28.904293060302734
ENSG00000249230.1	28.814889907836914
ENSG00000219928.2	28.809415817260742
ENSG00000114113.6	28.80923843383789
ENSG00000254928.1	28.778047561645508
ENSG00000255072.1	28.74912452697754
ENSG00000134193.14	28.725568771362305
ENSG00000280466.1	28.721534729003906
ENSG00000259627.1	28.646989822387695
ENSG00000106031.7	28.63687515258789
ENSG00000274051.1	28.63479995727539
ENSG00000172023.7	28.6125431060791
ENSG00000067048.16	28.605031967163086
ENSG00000280498.1	28.60246467590332
ENSG00000215695.1	28.556705474853516
ENSG00000276089.1	28.49709129333496
ENSG00000211973.2	28.456130981445312
ENSG00000165556.9	28.392152786254883
ENSG00000230777.1	28.35051155090332
ENSG00000268790.5	28.324243545532227
ENSG00000259485.1	28.304906845092773
ENSG00000277034.1	28.27285385131836
ENSG00000201772.1	28.196346282958984
ENSG00000272478.1	28.16459083557129
ENSG00000264558.1	28.164587020874023
ENSG00000254452.1	28.038427352905273
ENSG00000280064.1	28.034950256347656
ENSG00000137392.9	28.015302658081055
ENSG00000256514.1	27.976680755615234
ENSG00000221125.2	27.976186752319336
ENSG00000253998.3	27.88504981994629
ENSG00000275022.1	27.864887237548828
ENSG00000102837.6	27.853546142578125
ENSG00000236280.1	27.838638305664062
ENSG00000198930.12	27.817331314086914
ENSG00000267228.6	27.793750762939453
ENSG00000162840.4	27.774728775024414
ENSG00000222489.1	27.745399475097656
ENSG00000181617.5	27.731163024902344
ENSG00000163586.9	27.682050704956055
ENSG00000212588.1	27.664581298828125
ENSG00000167755.13	27.645217895507812
ENSG00000168955.3	27.64479637145996
ENSG00000180818.4	27.634967803955078
ENSG00000281990.1	27.62435531616211
ENSG00000268902.2	27.615856170654297
ENSG00000263165.1	27.60012435913086
ENSG00000239149.1	27.573591232299805
ENSG00000281451.1	27.53184700012207
ENSG00000110244.6	27.513349533081055
ENSG00000237643.1	27.511924743652344
ENSG00000233441.6	27.498912811279297
ENSG00000260537.1	27.479230880737305
ENSG00000265933.5	27.457225799560547
ENSG00000280727.1	27.439512252807617
ENSG00000211639.2	27.413774490356445
ENSG00000221164.1	27.39750862121582
ENSG00000236876.3	27.384294509887695
ENSG00000114374.12	27.369110107421875
ENSG00000201998.1	27.3635311126709
ENSG00000268621.5	27.351186752319336
ENSG00000238460.1	27.339946746826172
ENSG00000263776.1	27.330074310302734
ENSG00000259607.1	27.27741813659668
ENSG00000268606.5	27.225528717041016
ENSG00000267007.1	27.205322265625
ENSG00000235354.1	27.200105667114258
ENSG00000237815.1	27.173837661743164
ENSG00000253861.1	27.1702938079834
ENSG00000267059.2	27.16452407836914
ENSG00000262406.2	27.15790367126465
ENSG00000187258.13	27.082780838012695
ENSG00000278527.1	27.06195068359375
ENSG00000199785.1	27.051727294921875
ENSG00000235558.3	27.04156494140625
ENSG00000183305.13	27.04129981994629
ENSG00000263244.2	27.018590927124023
ENSG00000273096.1	26.999019622802734
ENSG00000208892.1	26.99327278137207
ENSG00000267328.1	26.931161880493164
ENSG00000110245.11	26.88222885131836
ENSG00000207175.1	26.815231323242188
ENSG00000230953.2	26.690261840820312
ENSG00000277610.1	26.674524307250977
ENSG00000163286.7	26.63798713684082
ENSG00000225548.5	26.61903190612793
ENSG00000227850.1	26.60892105102539
ENSG00000266872.1	26.606300354003906
ENSG00000206885.1	26.598594665527344
ENSG00000163209.14	26.556480407714844
ENSG00000113722.16	26.548856735229492
ENSG00000168925.10	26.54348373413086
ENSG00000196302.5	26.523536682128906
ENSG00000159184.7	26.502687454223633
ENSG00000241794.1	26.478649139404297
ENSG00000281808.1	26.463224411010742
ENSG00000264148.1	26.44930648803711
ENSG00000254721.1	26.443115234375
ENSG00000243766.7	26.418907165527344
ENSG00000234431.2	26.3931941986084
ENSG00000272851.1	26.321569442749023
ENSG00000165066.12	26.302993774414062
ENSG00000276566.1	26.27975845336914
ENSG00000225523.2	26.273252487182617
ENSG00000211974.3	26.254619598388672
ENSG00000279399.1	26.252086639404297
ENSG00000233133.1	26.222675323486328
ENSG00000213401.8	26.2164306640625
ENSG00000259661.1	26.18577766418457
ENSG00000267165.1	26.138381958007812
ENSG00000123388.4	26.136037826538086
ENSG00000276877.1	26.131046295166016
ENSG00000263740.2	26.126516342163086
ENSG00000099617.3	26.123579025268555
ENSG00000255767.1	26.12271499633789
ENSG00000239039.1	26.11733055114746
ENSG00000264229.1	26.092451095581055
ENSG00000279909.1	26.073200225830078
ENSG00000207523.1	26.071428298950195
ENSG00000276232.1	26.006410598754883
ENSG00000240618.1	26.004329681396484
ENSG00000142789.19	26.00054931640625
ENSG00000187908.15	25.961856842041016
ENSG00000137251.15	25.95115089416504
ENSG00000235119.1	25.884641647338867
ENSG00000203812.2	25.870641708374023
ENSG00000147381.11	25.86528778076172
ENSG00000164326.4	25.78564453125
ENSG00000258677.2	25.78031349182129
ENSG00000259939.1	25.74766731262207
ENSG00000258656.1	25.735822677612305
ENSG00000278852.1	25.69957733154297
ENSG00000276771.1	25.698440551757812
ENSG00000243352.3	25.684085845947266
ENSG00000280510.1	25.678966522216797
ENSG00000273962.1	25.656452178955078
ENSG00000277624.1	25.654521942138672
ENSG00000144785.8	25.642974853515625
ENSG00000275479.1	25.609050750732422
ENSG00000211654.2	25.588340759277344
ENSG00000280547.1	25.568140029907227
ENSG00000253187.2	25.56793785095215
ENSG00000244528.1	25.543479919433594
ENSG00000125999.10	25.52547836303711
ENSG00000262660.1	25.516136169433594
ENSG00000278771.1	25.492177963256836
ENSG00000198788.8	25.45528221130371
ENSG00000239912.1	25.450881958007812
ENSG00000235449.2	25.41791343688965
ENSG00000239862.1	25.360496520996094
ENSG00000251039.2	25.325843811035156
ENSG00000239571.1	25.322343826293945
ENSG00000270149.5	25.30893325805664
ENSG00000205361.8	25.297649383544922
ENSG00000261431.1	25.281280517578125
ENSG00000206811.1	25.28120994567871
ENSG00000275121.1	25.267637252807617
ENSG00000279812.1	25.259151458740234
ENSG00000106384.10	25.252933502197266
ENSG00000257386.1	25.215654373168945
ENSG00000129455.15	25.155981063842773
ENSG00000237978.5	25.113889694213867
ENSG00000256861.1	25.0817813873291
ENSG00000280818.1	25.076377868652344
ENSG00000256148.1	25.07485008239746
ENSG00000254719.1	25.061649322509766
ENSG00000241224.6	25.001230239868164
ENSG00000199879.1	24.982738494873047
ENSG00000269941.1	24.964813232421875
ENSG00000260892.1	24.929157257080078
ENSG00000253818.1	24.926294326782227
ENSG00000197408.8	24.907991409301758
ENSG00000169469.8	24.885366439819336
ENSG00000034971.14	24.841787338256836
ENSG00000269987.1	24.841005325317383
ENSG00000211946.3	24.83509063720703
ENSG00000105388.14	24.8247127532959
ENSG00000281851.1	24.817615509033203
ENSG00000263970.1	24.794891357421875
ENSG00000253364.1	24.759580612182617
ENSG00000269032.1	24.7575740814209
ENSG00000269971.1	24.722585678100586
ENSG00000255464.1	24.713027954101562
ENSG00000273275.1	24.66922950744629
ENSG00000205944.11	24.663713455200195
ENSG00000277578.1	24.66294288635254
ENSG00000260007.1	24.632801055908203
ENSG00000099725.14	24.581806182861328
ENSG00000280400.1	24.569913864135742
ENSG00000212402.1	24.567459106445312
ENSG00000196344.11	24.563053131103516
ENSG00000263639.5	24.553470611572266
ENSG00000136698.8	24.547243118286133
ENSG00000267458.1	24.540292739868164
ENSG00000251151.2	24.532461166381836
ENSG00000171557.16	24.52788734436035
ENSG00000231475.3	24.48363494873047
ENSG00000222037.5	24.482145309448242
ENSG00000212232.1	24.47951889038086
ENSG00000229637.3	24.478954315185547
ENSG00000273897.1	24.470951080322266
ENSG00000255126.1	24.458812713623047
ENSG00000263917.1	24.454530715942383
ENSG00000275634.1	24.40449333190918
ENSG00000231412.2	24.403982162475586
ENSG00000204610.12	24.370229721069336
ENSG00000128610.11	24.340524673461914
ENSG00000242766.1	24.335721969604492
ENSG00000124939.5	24.327516555786133
ENSG00000067646.11	24.327436447143555
ENSG00000183878.15	24.326608657836914
ENSG00000249908.2	24.31800079345703
ENSG00000265735.2	24.30511474609375
ENSG00000175535.6	24.27959442138672
ENSG00000165246.12	24.26685905456543
ENSG00000211685.3	24.255128860473633
ENSG00000278592.1	24.234914779663086
ENSG00000160181.8	24.2235050201416
ENSG00000254609.1	24.207862854003906
ENSG00000269711.1	24.202356338500977
ENSG00000255513.1	24.19388198852539
ENSG00000240409.1	24.192893981933594
ENSG00000211753.4	24.189327239990234
ENSG00000273658.1	24.183509826660156
ENSG00000197353.3	24.161855697631836
ENSG00000206603.1	24.1187744140625
ENSG00000252835.1	24.09256935119629
ENSG00000237580.1	24.084978103637695
ENSG00000233864.7	24.0798282623291
ENSG00000101441.4	24.060497283935547
ENSG00000223648.3	24.041330337524414
ENSG00000282600.1	24.021299362182617
ENSG00000262554.1	23.99657440185547
ENSG00000202343.1	23.99068832397461
ENSG00000188373.4	23.97715950012207
ENSG00000280849.1	23.964534759521484
ENSG00000185681.12	23.955123901367188
ENSG00000233929.1	23.94565200805664
ENSG00000211643.2	23.936250686645508
ENSG00000277669.1	23.927391052246094
ENSG00000277678.1	23.884967803955078
ENSG00000275229.1	23.884967803955078
ENSG00000273516.1	23.884967803955078
ENSG00000252105.1	23.884967803955078
ENSG00000224677.1	23.883438110351562
ENSG00000255498.1	23.877330780029297
ENSG00000143536.7	23.86842918395996
ENSG00000268062.1	23.857166290283203
ENSG00000203785.8	23.84087562561035
ENSG00000126890.13	23.83306121826172
ENSG00000091482.5	23.832225799560547
ENSG00000216331.1	23.817790985107422
ENSG00000275710.1	23.80664825439453
ENSG00000255114.1	23.794296264648438
ENSG00000272328.1	23.76816177368164
ENSG00000224629.1	23.71678352355957
ENSG00000005073.5	23.702049255371094
ENSG00000257653.1	23.699983596801758
ENSG00000277502.1	23.643917083740234
ENSG00000185290.3	23.63409423828125
ENSG00000200354.1	23.63011932373047
ENSG00000232032.1	23.627431869506836
ENSG00000254673.1	23.590774536132812
ENSG00000276563.1	23.588537216186523
ENSG00000163295.4	23.587705612182617
ENSG00000240990.9	23.57513427734375
ENSG00000146755.10	23.558752059936523
ENSG00000249395.2	23.55753517150879
ENSG00000224163.4	23.55461311340332
ENSG00000255390.1	23.532699584960938
ENSG00000044012.3	23.518592834472656
ENSG00000105398.3	23.46738052368164
ENSG00000207181.1	23.444053649902344
ENSG00000267449.1	23.415231704711914
ENSG00000198054.11	23.391582489013672
ENSG00000184956.15	23.35384750366211
ENSG00000278763.1	23.352802276611328
ENSG00000211665.2	23.348403930664062
ENSG00000254894.1	23.345144271850586
ENSG00000163216.6	23.33641815185547
ENSG00000249784.1	23.334991455078125
ENSG00000274859.1	23.305397033691406
ENSG00000230316.6	23.266874313354492
ENSG00000265118.5	23.23946189880371
ENSG00000211658.2	23.239145278930664
ENSG00000256210.3	23.230619430541992
ENSG00000189052.6	23.2263240814209
ENSG00000251026.1	23.226247787475586
ENSG00000255986.6	23.224794387817383
ENSG00000267541.1	23.218780517578125
ENSG00000188100.8	23.211280822753906
ENSG00000197273.3	23.209320068359375
ENSG00000225704.2	23.20120620727539
ENSG00000275718.1	23.189071655273438
ENSG00000270460.1	23.184871673583984
ENSG00000115593.14	23.167768478393555
ENSG00000100604.12	23.15168571472168
ENSG00000207166.1	23.12570571899414
ENSG00000165828.13	23.108219146728516
ENSG00000241020.1	23.09725570678711
ENSG00000276101.1	23.06540870666504
ENSG00000173237.4	23.055574417114258
ENSG00000211642.2	23.054824829101562
ENSG00000112494.9	23.04214859008789
ENSG00000205916.10	23.037172317504883
ENSG00000227627.1	23.014278411865234
ENSG00000255960.1	23.006805419921875
ENSG00000254010.1	23.0048828125
ENSG00000253007.2	22.996755599975586
ENSG00000267512.1	22.992916107177734
ENSG00000222726.1	22.983247756958008
ENSG00000233313.2	22.963584899902344
ENSG00000276026.1	22.960800170898438
ENSG00000203818.7	22.950550079345703
ENSG00000258964.1	22.916275024414062
ENSG00000267484.1	22.89459800720215
ENSG00000215182.8	22.879636764526367
ENSG00000278735.1	22.879213333129883
ENSG00000211672.2	22.857168197631836
ENSG00000222724.1	22.83011817932129
ENSG00000224739.2	22.79157829284668
ENSG00000167414.4	22.789030075073242
ENSG00000281028.1	22.77218246459961
ENSG00000260934.1	22.762630462646484
ENSG00000260075.1	22.762216567993164
ENSG00000249550.6	22.75694465637207
ENSG00000274985.1	22.75154685974121
ENSG00000230572.5	22.73598861694336
ENSG00000211968.3	22.730260848999023
ENSG00000272949.1	22.72513771057129
ENSG00000171560.14	22.712495803833008
ENSG00000275212.1	22.703075408935547
ENSG00000268525.1	22.699861526489258
ENSG00000262831.1	22.696178436279297
ENSG00000224817.1	22.692855834960938
ENSG00000280331.1	22.683744430541992
ENSG00000145384.3	22.675247192382812
ENSG00000188765.7	22.669485092163086
ENSG00000211972.2	22.655675888061523
ENSG00000235333.3	22.63474464416504
ENSG00000232216.1	22.632219314575195
ENSG00000232679.1	22.60141372680664
ENSG00000251994.1	22.59276008605957
ENSG00000282556.1	22.587913513183594
ENSG00000242207.1	22.578227996826172
ENSG00000250535.1	22.57244300842285
ENSG00000171431.3	22.569198608398438
ENSG00000269145.2	22.568639755249023
ENSG00000275143.1	22.568069458007812
ENSG00000187191.14	22.528671264648438
ENSG00000264940.4	22.524791717529297
ENSG00000281447.1	22.505632400512695
ENSG00000253508.1	22.49899673461914
ENSG00000231955.1	22.49510383605957
ENSG00000228078.1	22.485382080078125
ENSG00000247993.2	22.476255416870117
ENSG00000258186.2	22.464580535888672
ENSG00000201183.1	22.4608211517334
ENSG00000273132.1	22.44791030883789
ENSG00000241326.1	22.438396453857422
ENSG00000086548.8	22.423904418945312
ENSG00000236679.2	22.42009925842285
ENSG00000274576.2	22.411659240722656
ENSG00000281823.1	22.38965606689453
ENSG00000257464.1	22.368318557739258
ENSG00000228952.1	22.367961883544922
ENSG00000206760.1	22.356399536132812
ENSG00000112818.9	22.287569046020508
ENSG00000269970.1	22.272052764892578
ENSG00000115386.5	22.271610260009766
ENSG00000267340.1	22.25288963317871
ENSG00000258064.1	22.24207305908203
ENSG00000243498.2	22.220836639404297
ENSG00000260318.1	22.19942855834961
ENSG00000264501.2	22.190261840820312
ENSG00000164122.8	22.17868995666504
ENSG00000272991.1	22.161386489868164
ENSG00000211655.3	22.158241271972656
ENSG00000105251.10	22.15692901611328
ENSG00000206941.1	22.144651412963867
ENSG00000180745.4	22.132436752319336
ENSG00000235584.2	22.12887191772461
ENSG00000110148.9	22.128402709960938
ENSG00000266728.5	22.11985206604004
ENSG00000137673.8	22.106414794921875
ENSG00000139219.17	22.08745574951172
ENSG00000163394.5	22.081119537353516
ENSG00000276470.1	22.080123901367188
ENSG00000253445.1	22.056095123291016
ENSG00000222810.1	22.05535888671875
ENSG00000275216.1	22.05255699157715
ENSG00000213147.3	22.03851318359375
ENSG00000263640.1	22.017959594726562
ENSG00000244255.5	22.0167179107666
ENSG00000188508.10	22.011259078979492
ENSG00000249196.6	21.994415283203125
ENSG00000144820.7	21.98891830444336
ENSG00000254395.1	21.985868453979492
ENSG00000276573.1	21.967777252197266
ENSG00000102243.12	21.946569442749023
ENSG00000268854.1	21.946327209472656
ENSG00000263325.1	21.93488311767578
ENSG00000267952.1	21.933462142944336
ENSG00000228630.5	21.9017333984375
ENSG00000170477.12	21.8876953125
ENSG00000260182.1	21.878868103027344
ENSG00000262074.6	21.87437629699707
ENSG00000228437.5	21.858835220336914
ENSG00000224789.1	21.834697723388672
ENSG00000211638.2	21.827463150024414
ENSG00000258788.3	21.816022872924805
ENSG00000276292.1	21.80755615234375
ENSG00000185275.6	21.80316162109375
ENSG00000207475.1	21.78580665588379
ENSG00000275254.1	21.782594680786133
ENSG00000179546.4	21.778587341308594
ENSG00000271817.2	21.776798248291016
ENSG00000200959.1	21.773860931396484
ENSG00000276925.1	21.745359420776367
ENSG00000241566.1	21.721477508544922
ENSG00000277184.1	21.709388732910156
ENSG00000171401.14	21.703571319580078
ENSG00000224645.1	21.698665618896484
ENSG00000273293.1	21.698057174682617
ENSG00000224958.5	21.693796157836914
ENSG00000211964.3	21.68362808227539
ENSG00000277125.1	21.679231643676758
ENSG00000259399.1	21.674877166748047
ENSG00000230118.1	21.674165725708008
ENSG00000202444.1	21.669269561767578
ENSG00000163283.6	21.66390037536621
ENSG00000249624.8	21.645877838134766
ENSG00000254166.1	21.6318302154541
ENSG00000257935.2	21.628128051757812
ENSG00000272220.1	21.62786293029785
ENSG00000204778.4	21.61859703063965
ENSG00000167916.4	21.604347229003906
ENSG00000230838.1	21.603416442871094
ENSG00000279257.1	21.596324920654297
ENSG00000158874.11	21.566905975341797
ENSG00000270257.1	21.560699462890625
ENSG00000278299.4	21.559572219848633
ENSG00000204983.12	21.558795928955078
ENSG00000267598.1	21.551368713378906
ENSG00000227470.1	21.550493240356445
ENSG00000230955.1	21.550228118896484
ENSG00000239719.1	21.542186737060547
ENSG00000244056.3	21.536575317382812
ENSG00000272558.1	21.520009994506836
ENSG00000164089.8	21.514436721801758
ENSG00000057149.14	21.50530433654785
ENSG00000268861.5	21.50445556640625
ENSG00000271555.1	21.49995231628418
ENSG00000123407.3	21.495975494384766
ENSG00000184697.6	21.472797393798828
ENSG00000235579.1	21.468259811401367
ENSG00000122133.16	21.456451416015625
ENSG00000227751.1	21.453266143798828
ENSG00000263711.5	21.445589065551758
ENSG00000205076.4	21.427255630493164
ENSG00000264982.1	21.422195434570312
ENSG00000223350.2	21.421152114868164
ENSG00000267073.1	21.41923713684082
ENSG00000211959.2	21.409944534301758
ENSG00000165215.6	21.34833526611328
ENSG00000142615.7	21.3426513671875
ENSG00000219073.7	21.328256607055664
ENSG00000243290.1	21.32568359375
ENSG00000211951.2	21.31890106201172
ENSG00000271974.1	21.314502716064453
ENSG00000256569.1	21.294200897216797
ENSG00000172238.4	21.278135299682617
ENSG00000259948.2	21.276016235351562
ENSG00000169509.5	21.267038345336914
ENSG00000233033.1	21.260087966918945
ENSG00000262006.1	21.25275230407715
ENSG00000281512.1	21.245134353637695
ENSG00000273221.1	21.242908477783203
ENSG00000240761.1	21.237606048583984
ENSG00000124102.4	21.22919464111328
ENSG00000199377.1	21.221324920654297
ENSG00000206633.1	21.21422004699707
ENSG00000261459.1	21.211240768432617
ENSG00000126233.1	21.195484161376953
ENSG00000276664.1	21.189725875854492
ENSG00000274419.4	21.18675994873047
ENSG00000255071.3	21.17508888244629
ENSG00000007216.14	21.158309936523438
ENSG00000254692.1	21.145334243774414
ENSG00000279507.1	21.140581130981445
ENSG00000109182.11	21.13277244567871
ENSG00000123364.4	21.130605697631836
ENSG00000272660.1	21.128211975097656
ENSG00000229230.3	21.12320327758789
ENSG00000274594.1	21.120929718017578
ENSG00000257529.5	21.10416603088379
ENSG00000263503.1	21.09742546081543
ENSG00000207112.1	21.087844848632812
ENSG00000225108.1	21.07805061340332
ENSG00000227758.1	21.0778865814209
ENSG00000252714.1	21.075624465942383
ENSG00000170689.9	21.052759170532227
ENSG00000277922.1	21.045059204101562
ENSG00000265415.1	21.037296295166016
ENSG00000167117.8	21.037277221679688
ENSG00000259439.2	21.0136661529541
ENSG00000214429.3	20.999820709228516
ENSG00000250920.1	20.997875213623047
ENSG00000248672.5	20.99050521850586
ENSG00000212195.2	20.99043083190918
ENSG00000204816.5	20.984622955322266
ENSG00000228742.9	20.9306640625
ENSG00000211978.2	20.926969528198242
ENSG00000279691.1	20.92608070373535
ENSG00000211667.2	20.909929275512695
ENSG00000258377.1	20.909364700317383
ENSG00000229851.1	20.897249221801758
ENSG00000267978.5	20.881023406982422
ENSG00000224505.2	20.867128372192383
ENSG00000236060.2	20.856042861938477
ENSG00000271347.1	20.854591369628906
ENSG00000207405.1	20.84746742248535
ENSG00000211933.2	20.84290885925293
ENSG00000276692.1	20.8383731842041
ENSG00000266869.1	20.83793830871582
ENSG00000273866.1	20.8206844329834
ENSG00000211599.2	20.804527282714844
ENSG00000148965.8	20.797359466552734
ENSG00000269978.1	20.784643173217773
ENSG00000156885.5	20.780399322509766
ENSG00000111701.6	20.778255462646484
ENSG00000259738.1	20.765928268432617
ENSG00000224271.5	20.753299713134766
ENSG00000227644.2	20.752084732055664
ENSG00000239002.3	20.734737396240234
ENSG00000260170.1	20.72982406616211
ENSG00000224137.1	20.72797966003418
ENSG00000268295.1	20.72430992126465
ENSG00000266729.5	20.697978973388672
ENSG00000180806.4	20.689903259277344
ENSG00000250328.5	20.663288116455078
ENSG00000100557.9	20.661590576171875
ENSG00000167653.4	20.660045623779297
ENSG00000264346.1	20.638652801513672
ENSG00000091704.9	20.634672164916992
ENSG00000225364.1	20.632253646850586
ENSG00000149021.6	20.63115692138672
ENSG00000255319.5	20.62044906616211
ENSG00000214049.6	20.59339141845703
ENSG00000171564.11	20.58704948425293
ENSG00000242407.1	20.58092498779297
ENSG00000255629.1	20.574007034301758
ENSG00000224016.2	20.5657901763916
ENSG00000244468.1	20.563278198242188
ENSG00000206834.1	20.56003189086914
ENSG00000229047.1	20.542984008789062
ENSG00000273628.1	20.525421142578125
ENSG00000250451.5	20.507888793945312
ENSG00000236481.1	20.503814697265625
ENSG00000276443.1	20.50358772277832
ENSG00000227077.3	20.49102783203125
ENSG00000223394.2	20.46468734741211
ENSG00000279033.1	20.457012176513672
ENSG00000179751.6	20.456092834472656
ENSG00000257035.1	20.45172119140625
ENSG00000123500.9	20.450748443603516
ENSG00000230834.1	20.42399024963379
ENSG00000134443.9	20.41332244873047
ENSG00000211611.2	20.411975860595703
ENSG00000204832.9	20.40846824645996
ENSG00000278077.1	20.40146255493164
ENSG00000276002.1	20.399179458618164
ENSG00000273711.1	20.365522384643555
ENSG00000251331.6	20.36194610595703
ENSG00000159197.3	20.361875534057617
ENSG00000261385.1	20.360918045043945
ENSG00000261822.1	20.36046028137207
ENSG00000006128.11	20.345125198364258
ENSG00000117148.7	20.33749008178711
ENSG00000244252.1	20.33343505859375
ENSG00000221716.1	20.33184051513672
ENSG00000205922.4	20.32045555114746
ENSG00000275307.1	20.31539535522461
ENSG00000255811.1	20.313865661621094
ENSG00000133136.4	20.307281494140625
ENSG00000261359.2	20.304424285888672
ENSG00000269246.1	20.300655364990234
ENSG00000241244.1	20.29840850830078
ENSG00000211664.2	20.289363861083984
ENSG00000257893.2	20.289220809936523
ENSG00000237361.2	20.270227432250977
ENSG00000200816.1	20.2537841796875
ENSG00000281453.1	20.25360679626465
ENSG00000170369.3	20.248952865600586
ENSG00000275515.1	20.24493408203125
ENSG00000225026.1	20.22983169555664
ENSG00000273587.1	20.228248596191406
ENSG00000277882.1	20.22771644592285
ENSG00000255774.1	20.223247528076172
ENSG00000264293.2	20.213558197021484
ENSG00000278158.1	20.209918975830078
ENSG00000270132.1	20.20701026916504
ENSG00000248648.1	20.196821212768555
ENSG00000238151.1	20.184551239013672
ENSG00000211814.1	20.18370246887207
ENSG00000275896.4	20.179567337036133
ENSG00000243264.2	20.167034149169922
ENSG00000274226.4	20.16619300842285
ENSG00000235026.5	20.15648651123047
ENSG00000145879.10	20.151451110839844
ENSG00000281517.1	20.149782180786133
ENSG00000079112.9	20.149410247802734
ENSG00000279364.1	20.13710594177246
ENSG00000236391.3	20.131877899169922
ENSG00000226598.1	20.11090850830078
ENSG00000233999.3	20.094722747802734
ENSG00000272440.1	20.09242057800293
ENSG00000259823.5	20.086956024169922
ENSG00000254348.1	20.083755493164062
ENSG00000276412.1	20.07132339477539
ENSG00000241728.5	20.068191528320312
ENSG00000270822.1	20.067676544189453
ENSG00000242463.3	20.066547393798828
ENSG00000252355.1	20.06098747253418
ENSG00000105205.6	20.060733795166016
ENSG00000271916.1	20.055740356445312
ENSG00000225380.4	20.04882049560547
ENSG00000251155.2	20.04819107055664
ENSG00000276528.1	20.030128479003906
ENSG00000275558.1	19.995893478393555
ENSG00000172461.10	19.990896224975586
ENSG00000251992.1	19.98977279663086
ENSG00000264272.1	19.985477447509766
ENSG00000223274.5	19.981449127197266
ENSG00000233271.1	19.977190017700195
ENSG00000259799.1	19.97540855407715
ENSG00000205923.3	19.974960327148438
ENSG00000230397.1	19.968141555786133
ENSG00000257139.1	19.950809478759766
ENSG00000200972.1	19.950027465820312
ENSG00000243260.3	19.924522399902344
ENSG00000207062.1	19.916894912719727
ENSG00000206785.1	19.916894912719727
ENSG00000211652.2	19.91119384765625
ENSG00000275666.1	19.908735275268555
ENSG00000274427.1	19.884069442749023
ENSG00000258724.1	19.88317108154297
ENSG00000222370.1	19.883089065551758
ENSG00000220793.5	19.880970001220703
ENSG00000138308.5	19.880657196044922
ENSG00000253492.1	19.879926681518555
ENSG00000254335.1	19.879926681518555
ENSG00000237082.1	19.86655044555664
ENSG00000172551.10	19.85205078125
ENSG00000111700.12	19.847047805786133
ENSG00000261641.2	19.84451675415039
ENSG00000234638.1	19.83673858642578
ENSG00000278020.1	19.834871292114258
ENSG00000254290.1	19.831741333007812
ENSG00000226499.1	19.830324172973633
ENSG00000248211.1	19.821224212646484
ENSG00000270704.3	19.81882667541504
ENSG00000275997.1	19.81624984741211
ENSG00000163735.6	19.81183433532715
ENSG00000273389.1	19.808380126953125
ENSG00000250989.1	19.806791305541992
ENSG00000236773.1	19.796693801879883
ENSG00000211669.2	19.794809341430664
ENSG00000211820.1	19.790996551513672
ENSG00000260015.1	19.789600372314453
ENSG00000243854.3	19.77790641784668
ENSG00000239948.2	19.7702579498291
ENSG00000229795.2	19.767494201660156
ENSG00000236086.4	19.76474952697754
ENSG00000280013.1	19.76154136657715
ENSG00000224167.1	19.761371612548828
ENSG00000271064.1	19.756210327148438
ENSG00000259066.5	19.753629684448242
ENSG00000279809.1	19.75238037109375
ENSG00000230306.1	19.75136947631836
ENSG00000211937.3	19.747995376586914
ENSG00000269946.1	19.745370864868164
ENSG00000227932.1	19.741796493530273
ENSG00000258924.4	19.74007225036621
ENSG00000096395.10	19.737821578979492
ENSG00000233971.1	19.736303329467773
ENSG00000211625.2	19.725671768188477
ENSG00000267132.1	19.7205810546875
ENSG00000267203.1	19.719221115112305
ENSG00000243480.7	19.70905876159668
ENSG00000277602.1	19.70083999633789
ENSG00000267085.1	19.70066261291504
ENSG00000225544.1	19.697555541992188
ENSG00000205236.6	19.691978454589844
ENSG00000211952.3	19.681428909301758
ENSG00000263426.2	19.6679630279541
ENSG00000267105.1	19.644790649414062
ENSG00000206073.10	19.636734008789062
ENSG00000259087.5	19.627622604370117
ENSG00000211934.3	19.62239646911621
ENSG00000180178.10	19.608789443969727
ENSG00000168484.12	19.608484268188477
ENSG00000233838.5	19.606708526611328
ENSG00000276988.1	19.605541229248047
ENSG00000274978.1	19.60041618347168
ENSG00000178828.6	19.578189849853516
ENSG00000200792.1	19.576921463012695
ENSG00000235734.4	19.56497573852539
ENSG00000269124.1	19.56365966796875
ENSG00000269026.2	19.5606689453125
ENSG00000275614.1	19.55978775024414
ENSG00000231535.5	19.545127868652344
ENSG00000236039.1	19.53874969482422
ENSG00000253239.1	19.52419090270996
ENSG00000250266.1	19.51732635498047
ENSG00000276368.1	19.51605224609375
ENSG00000264937.1	19.508291244506836
ENSG00000184530.8	19.507450103759766
ENSG00000016490.15	19.48888397216797
ENSG00000211942.3	19.48822593688965
ENSG00000259279.1	19.48417091369629
ENSG00000277247.1	19.476572036743164
ENSG00000219608.3	19.469284057617188
ENSG00000278462.1	19.468124389648438
ENSG00000124232.10	19.44629669189453
ENSG00000275126.1	19.44527244567871
ENSG00000198681.6	19.44222640991211
ENSG00000277952.1	19.44078826904297
ENSG00000229601.1	19.430727005004883
ENSG00000232044.6	19.424930572509766
ENSG00000225770.1	19.42462921142578
ENSG00000029559.6	19.423553466796875
ENSG00000270095.1	19.42267417907715
ENSG00000180383.3	19.418975830078125
ENSG00000178372.7	19.417043685913086
ENSG00000254866.2	19.414291381835938
ENSG00000124233.11	19.402559280395508
ENSG00000255163.1	19.397258758544922
ENSG00000267459.1	19.392934799194336
ENSG00000231878.1	19.368181228637695
ENSG00000243560.3	19.356138229370117
ENSG00000279535.1	19.343006134033203
ENSG00000122585.7	19.34100914001465
ENSG00000260465.1	19.340932846069336
ENSG00000242628.5	19.32170867919922
ENSG00000111780.8	19.317834854125977
ENSG00000211650.2	19.317106246948242
ENSG00000244116.3	19.314987182617188
ENSG00000277867.1	19.314023971557617
ENSG00000277941.1	19.30440902709961
ENSG00000253528.2	19.304149627685547
ENSG00000250271.1	19.29682159423828
ENSG00000211812.1	19.294952392578125
ENSG00000163515.6	19.286479949951172
ENSG00000274752.1	19.285903930664062
ENSG00000211961.3	19.27776527404785
ENSG00000225243.5	19.270923614501953
ENSG00000224183.1	19.259441375732422
ENSG00000164400.5	19.257932662963867
ENSG00000280620.1	19.248760223388672
ENSG00000235299.2	19.23979377746582
ENSG00000280743.1	19.237316131591797
ENSG00000259262.1	19.233964920043945
ENSG00000277948.1	19.23080825805664
ENSG00000279168.1	19.22914695739746
ENSG00000188293.5	19.224754333496094
ENSG00000258245.1	19.210309982299805
ENSG00000280981.1	19.203052520751953
ENSG00000239819.2	19.2015438079834
ENSG00000268104.2	19.196340560913086
ENSG00000260335.1	19.195844650268555
ENSG00000261588.1	19.191259384155273
ENSG00000175329.12	19.18570899963379
ENSG00000236528.1	19.183914184570312
ENSG00000229314.5	19.18218421936035
ENSG00000240233.3	19.17267417907715
ENSG00000211787.1	19.171092987060547
ENSG00000260366.1	19.168874740600586
ENSG00000280730.1	19.153278350830078
ENSG00000242170.3	19.147403717041016
ENSG00000145321.12	19.14451026916504
ENSG00000226251.5	19.143964767456055
ENSG00000007306.14	19.138273239135742
ENSG00000222328.1	19.13572120666504
ENSG00000181092.9	19.131999969482422
ENSG00000255780.1	19.130197525024414
ENSG00000260246.1	19.127458572387695
ENSG00000273294.1	19.12419319152832
ENSG00000125207.7	19.109357833862305
ENSG00000241431.1	19.10883331298828
ENSG00000253929.1	19.10872459411621
ENSG00000225071.1	19.10703468322754
ENSG00000198443.6	19.098438262939453
ENSG00000280238.1	19.09136962890625
ENSG00000178776.4	19.08195686340332
ENSG00000280408.1	19.079992294311523
ENSG00000224014.1	19.0737247467041
ENSG00000248771.5	19.070003509521484
ENSG00000228171.1	19.062950134277344
ENSG00000168875.2	19.047096252441406
ENSG00000199805.1	19.036659240722656
ENSG00000256417.1	19.0269718170166
ENSG00000216588.8	19.024642944335938
ENSG00000253348.1	19.017532348632812
ENSG00000275385.1	19.016559600830078
ENSG00000238165.1	19.000682830810547
ENSG00000166407.13	18.973430633544922
ENSG00000273485.1	18.971813201904297
ENSG00000211632.3	18.970163345336914
ENSG00000273703.1	18.966388702392578
ENSG00000272801.1	18.961740493774414
ENSG00000273598.1	18.958293914794922
ENSG00000266200.6	18.956344604492188
ENSG00000207765.1	18.952299118041992
ENSG00000267592.1	18.93228530883789
ENSG00000270141.3	18.927234649658203
ENSG00000256500.5	18.911731719970703
ENSG00000175646.3	18.910829544067383
ENSG00000240247.6	18.907955169677734
ENSG00000271717.1	18.90558624267578
ENSG00000226024.1	18.905237197875977
ENSG00000211750.2	18.903749465942383
ENSG00000272234.1	18.902193069458008
ENSG00000204710.2	18.889686584472656
ENSG00000281039.1	18.88306999206543
ENSG00000273204.1	18.879825592041016
ENSG00000244649.4	18.87447166442871
ENSG00000266282.1	18.87197494506836
ENSG00000221857.7	18.866382598876953
ENSG00000211752.3	18.865690231323242
ENSG00000211950.2	18.865131378173828
ENSG00000146039.10	18.86260986328125
ENSG00000269968.1	18.86003875732422
ENSG00000281433.1	18.859365463256836
ENSG00000268545.1	18.85517692565918
ENSG00000115263.14	18.850358963012695
ENSG00000243104.1	18.850099563598633
ENSG00000256462.1	18.84881019592285
ENSG00000254098.1	18.846412658691406
ENSG00000224126.2	18.84589385986328
ENSG00000230061.2	18.840618133544922
ENSG00000257607.1	18.836484909057617
ENSG00000229005.2	18.83184051513672
ENSG00000273300.1	18.828615188598633
ENSG00000273727.1	18.820341110229492
ENSG00000232498.1	18.816850662231445
ENSG00000226928.1	18.810911178588867
ENSG00000231196.3	18.79631233215332
ENSG00000212371.1	18.796049118041992
ENSG00000280411.1	18.79600715637207
ENSG00000233682.3	18.786054611206055
ENSG00000259052.1	18.78514862060547
ENSG00000275630.1	18.779870986938477
ENSG00000211816.2	18.775516510009766
ENSG00000259071.1	18.76568031311035
ENSG00000171885.13	18.762737274169922
ENSG00000211670.2	18.76185417175293
ENSG00000260107.1	18.74742889404297
ENSG00000270802.2	18.74380874633789
ENSG00000241461.3	18.731191635131836
ENSG00000255007.1	18.72096824645996
ENSG00000274701.1	18.71006202697754
ENSG00000238390.1	18.70826530456543
ENSG00000237729.2	18.70818519592285
ENSG00000273950.1	18.70134925842285
ENSG00000203618.5	18.700700759887695
ENSG00000232218.1	18.698238372802734
ENSG00000257531.2	18.697330474853516
ENSG00000242876.3	18.69240379333496
ENSG00000239839.5	18.68940544128418
ENSG00000106631.8	18.682693481445312
ENSG00000204544.5	18.678152084350586
ENSG00000275084.3	18.672353744506836
ENSG00000180251.4	18.66779136657715
ENSG00000240194.6	18.664371490478516
ENSG00000278484.1	18.656850814819336
ENSG00000228886.1	18.654727935791016
ENSG00000242860.3	18.65469741821289
ENSG00000267793.1	18.654579162597656
ENSG00000270048.1	18.651939392089844
ENSG00000275611.1	18.65010643005371
ENSG00000156413.13	18.649545669555664
ENSG00000239881.1	18.649503707885742
ENSG00000258531.2	18.646747589111328
ENSG00000237429.1	18.64061737060547
ENSG00000213373.7	18.633638381958008
ENSG00000211804.3	18.628211975097656
ENSG00000241294.1	18.623165130615234
ENSG00000140506.16	18.616966247558594
ENSG00000223416.3	18.616825103759766
ENSG00000176840.11	18.609952926635742
ENSG00000281350.1	18.599584579467773
ENSG00000282413.1	18.597023010253906
ENSG00000256804.1	18.592987060546875
ENSG00000211796.1	18.592206954956055
ENSG00000211649.3	18.591018676757812
ENSG00000259001.3	18.59101104736328
ENSG00000167618.9	18.58349609375
ENSG00000189377.8	18.579015731811523
ENSG00000272934.1	18.57643699645996
ENSG00000260197.1	18.575716018676758
ENSG00000282012.1	18.573627471923828
ENSG00000211793.2	18.56171417236328
ENSG00000261567.1	18.558815002441406
ENSG00000235369.1	18.55602264404297
ENSG00000233214.1	18.55366325378418
ENSG00000265123.2	18.547683715820312
ENSG00000258181.1	18.545650482177734
ENSG00000236327.2	18.545528411865234
ENSG00000226964.1	18.544883728027344
ENSG00000176020.8	18.531105041503906
ENSG00000242087.2	18.529747009277344
ENSG00000036473.6	18.526546478271484
ENSG00000138472.10	18.521812438964844
ENSG00000265033.2	18.518230438232422
ENSG00000211815.3	18.511157989501953
ENSG00000211965.3	18.509883880615234
ENSG00000233072.1	18.50985336303711
ENSG00000271798.1	18.509334564208984
ENSG00000273763.1	18.508413314819336
ENSG00000266420.2	18.507020950317383
ENSG00000211785.1	18.505599975585938
ENSG00000154620.5	18.49943733215332
ENSG00000211776.2	18.495943069458008
ENSG00000244094.1	18.493911743164062
ENSG00000252906.1	18.493160247802734
ENSG00000243015.2	18.49073600769043
ENSG00000104371.4	18.490318298339844
ENSG00000154646.8	18.487092971801758
ENSG00000153002.11	18.48527717590332
ENSG00000267611.1	18.484947204589844
ENSG00000011677.12	18.484474182128906
ENSG00000227383.1	18.48246192932129
ENSG00000269989.1	18.47774314880371
ENSG00000262429.1	18.475088119506836
ENSG00000234271.1	18.470600128173828
ENSG00000240382.3	18.46994972229004
ENSG00000252010.1	18.466569900512695
ENSG00000271225.1	18.461408615112305
ENSG00000178597.5	18.457294464111328
ENSG00000257270.1	18.44251823425293
ENSG00000240671.2	18.43988609313965
ENSG00000277913.1	18.43686294555664
ENSG00000236663.1	18.43488311767578
ENSG00000229769.2	18.43431282043457
ENSG00000273541.1	18.41872215270996
ENSG00000201581.1	18.407047271728516
ENSG00000272573.5	18.404666900634766
ENSG00000125954.12	18.40369987487793
ENSG00000211725.3	18.400529861450195
ENSG00000236662.1	18.396886825561523
ENSG00000211967.3	18.396623611450195
ENSG00000274267.1	18.395797729492188
ENSG00000241670.3	18.39533042907715
ENSG00000254548.1	18.387237548828125
ENSG00000265727.2	18.386735916137695
ENSG00000254142.2	18.38591194152832
ENSG00000237061.1	18.38401222229004
ENSG00000233381.3	18.38381576538086
ENSG00000270136.5	18.38307762145996
ENSG00000270808.1	18.377662658691406
ENSG00000163377.14	18.376808166503906
ENSG00000174156.13	18.3717098236084
ENSG00000204792.2	18.371597290039062
ENSG00000206625.1	18.369165420532227
ENSG00000207507.1	18.369165420532227
ENSG00000206965.1	18.369165420532227
ENSG00000272055.1	18.369165420532227
ENSG00000207357.1	18.369165420532227
ENSG00000206932.1	18.369165420532227
ENSG00000207041.1	18.369165420532227
ENSG00000257595.2	18.35858726501465
ENSG00000237988.3	18.355958938598633
ENSG00000275791.1	18.346940994262695
ENSG00000225760.1	18.33794593811035
ENSG00000279767.1	18.335681915283203
ENSG00000272175.1	18.33081817626953
ENSG00000271749.1	18.32990837097168
ENSG00000234367.1	18.324567794799805
ENSG00000235586.1	18.317968368530273
ENSG00000268518.1	18.317790985107422
ENSG00000262583.1	18.31367301940918
ENSG00000234425.1	18.313425064086914
ENSG00000272982.1	18.31088638305664
ENSG00000213519.2	18.308528900146484
ENSG00000166869.2	18.308000564575195
ENSG00000274641.1	18.304012298583984
ENSG00000211724.3	18.302513122558594
ENSG00000181195.10	18.302417755126953
ENSG00000239247.3	18.294883728027344
ENSG00000232372.1	18.292724609375
ENSG00000280496.1	18.2926025390625
ENSG00000265188.1	18.28448486328125
ENSG00000278910.3	18.283531188964844
ENSG00000258048.1	18.279542922973633
ENSG00000244218.3	18.27918815612793
ENSG00000214318.3	18.27460289001465
ENSG00000231566.1	18.27377700805664
ENSG00000240864.3	18.264236450195312
ENSG00000234184.5	18.260583877563477
ENSG00000125285.5	18.257896423339844
ENSG00000155918.7	18.255428314208984
ENSG00000159224.4	18.253538131713867
ENSG00000278840.1	18.24726104736328
ENSG00000230156.2	18.233169555664062
ENSG00000261276.1	18.230409622192383
ENSG00000122304.10	18.22503662109375
ENSG00000224122.1	18.222631454467773
ENSG00000281194.1	18.22251319885254
ENSG00000267800.1	18.221309661865234
ENSG00000255666.5	18.20830535888672
ENSG00000254856.1	18.197843551635742
ENSG00000236883.1	18.19109535217285
ENSG00000268995.1	18.189571380615234
ENSG00000277235.1	18.189233779907227
ENSG00000232756.1	18.18783187866211
ENSG00000219814.2	18.179855346679688
ENSG00000213606.3	18.17642593383789
ENSG00000279617.1	18.17594337463379
ENSG00000261606.5	18.174428939819336
ENSG00000271127.1	18.17277717590332
ENSG00000227681.5	18.16849708557129
ENSG00000239855.1	18.16812515258789
ENSG00000262539.1	18.167049407958984
ENSG00000274008.1	18.166790008544922
ENSG00000241693.2	18.166717529296875
ENSG00000267453.6	18.157827377319336
ENSG00000254233.1	18.151958465576172
ENSG00000232768.1	18.1485652923584
ENSG00000273313.1	18.14254379272461
ENSG00000240250.3	18.14208984375
ENSG00000109511.10	18.140869140625
ENSG00000276757.1	18.13724708557129
ENSG00000243423.1	18.135774612426758
ENSG00000240853.3	18.128681182861328
ENSG00000214855.9	18.123247146606445
ENSG00000115009.11	18.120853424072266
ENSG00000242853.3	18.118968963623047
ENSG00000222276.1	18.111928939819336
ENSG00000275638.1	18.10890007019043
ENSG00000174358.15	18.105859756469727
ENSG00000206075.13	18.105464935302734
ENSG00000070019.4	18.099971771240234
ENSG00000243289.1	18.097694396972656
ENSG00000228278.3	18.085399627685547
ENSG00000213860.4	18.083675384521484
ENSG00000278637.1	18.080289840698242
ENSG00000259232.2	18.079607009887695
ENSG00000211805.1	18.073726654052734
ENSG00000156755.10	18.07183837890625
ENSG00000278272.1	18.071758270263672
ENSG00000243888.1	18.06999969482422
ENSG00000275339.1	18.064693450927734
ENSG00000282304.1	18.063602447509766
ENSG00000143954.12	18.060375213623047
ENSG00000229195.1	18.059364318847656
ENSG00000273153.1	18.057233810424805
ENSG00000270919.1	18.053556442260742
ENSG00000215692.2	18.050189971923828
ENSG00000248794.1	18.035858154296875
ENSG00000254418.1	18.033344268798828
ENSG00000251508.1	18.032827377319336
ENSG00000231292.6	18.031124114990234
ENSG00000255089.1	18.030071258544922
ENSG00000231485.1	18.025806427001953
ENSG00000277859.1	18.0097713470459
ENSG00000226862.1	18.006000518798828
ENSG00000248538.6	17.99276351928711
ENSG00000229512.1	17.98998260498047
ENSG00000279502.1	17.987131118774414
ENSG00000238363.1	17.985126495361328
ENSG00000259970.1	17.98387908935547
ENSG00000277192.1	17.98237419128418
ENSG00000264573.2	17.98095703125
ENSG00000220867.1	17.977218627929688
ENSG00000235238.1	17.974119186401367
ENSG00000186973.10	17.969926834106445
ENSG00000261717.5	17.969770431518555
ENSG00000213578.5	17.96682357788086
ENSG00000277081.1	17.96576499938965
ENSG00000225554.1	17.96539306640625
ENSG00000271973.1	17.960281372070312
ENSG00000254879.1	17.959014892578125
ENSG00000226660.2	17.95863914489746
ENSG00000258830.1	17.957988739013672
ENSG00000273184.1	17.95655059814453
ENSG00000233084.2	17.956356048583984
ENSG00000211780.3	17.95635223388672
ENSG00000211800.3	17.955625534057617
ENSG00000267776.1	17.955617904663086
ENSG00000248881.1	17.95326805114746
ENSG00000270025.2	17.9530086517334
ENSG00000227962.1	17.95172119140625
ENSG00000227070.1	17.946565628051758
ENSG00000239908.3	17.946556091308594
ENSG00000206624.1	17.946163177490234
ENSG00000259384.6	17.938430786132812
ENSG00000204652.6	17.93792152404785
ENSG00000277599.1	17.936962127685547
ENSG00000239868.3	17.93185043334961
ENSG00000232059.3	17.931459426879883
ENSG00000156006.4	17.930971145629883
ENSG00000261602.1	17.928512573242188
ENSG00000227726.1	17.926727294921875
ENSG00000176289.4	17.92532730102539
ENSG00000166143.9	17.92405128479004
ENSG00000228007.1	17.918781280517578
ENSG00000242889.3	17.918148040771484
ENSG00000255501.1	17.917850494384766
ENSG00000248871.1	17.915796279907227
ENSG00000257636.6	17.91272735595703
ENSG00000239686.1	17.90648651123047
ENSG00000166828.2	17.903934478759766
ENSG00000184084.7	17.90252113342285
ENSG00000243267.3	17.901060104370117
ENSG00000260342.2	17.896488189697266
ENSG00000273257.1	17.89531135559082
ENSG00000270190.1	17.893117904663086
ENSG00000276405.1	17.89264678955078
ENSG00000229299.2	17.88868522644043
ENSG00000230804.2	17.882230758666992
ENSG00000255487.1	17.88033676147461
ENSG00000234268.1	17.880176544189453
ENSG00000254741.1	17.877206802368164
ENSG00000231903.1	17.876501083374023
ENSG00000248103.1	17.875125885009766
ENSG00000197153.4	17.87210464477539
ENSG00000259884.1	17.869190216064453
ENSG00000240808.1	17.867721557617188
ENSG00000277452.1	17.863916397094727
ENSG00000203877.7	17.863037109375
ENSG00000139800.8	17.86231231689453
ENSG00000222501.1	17.861167907714844
ENSG00000168928.12	17.855497360229492
ENSG00000275625.1	17.854671478271484
ENSG00000043355.10	17.85154914855957
ENSG00000211818.1	17.846439361572266
ENSG00000224797.1	17.846296310424805
ENSG00000239804.1	17.843481063842773
ENSG00000211779.3	17.843055725097656
ENSG00000233674.2	17.84109115600586
ENSG00000260436.1	17.835474014282227
ENSG00000211728.2	17.83207130432129
ENSG00000211706.2	17.83048439025879
ENSG00000201684.1	17.82352638244629
ENSG00000265093.2	17.821550369262695
ENSG00000231967.1	17.81877326965332
ENSG00000211803.2	17.815078735351562
ENSG00000244575.3	17.809226989746094
ENSG00000265303.1	17.80864715576172
ENSG00000232879.2	17.800918579101562
ENSG00000240253.5	17.80084800720215
ENSG00000159217.9	17.800378799438477
ENSG00000083782.7	17.800344467163086
ENSG00000237758.1	17.797637939453125
ENSG00000211806.2	17.797000885009766
ENSG00000257512.1	17.795412063598633
ENSG00000237254.2	17.794675827026367
ENSG00000232793.2	17.792787551879883
ENSG00000145107.15	17.790855407714844
ENSG00000234927.1	17.789033889770508
ENSG00000271532.1	17.784944534301758
ENSG00000135220.10	17.777141571044922
ENSG00000204140.9	17.77678108215332
ENSG00000237749.4	17.775665283203125
ENSG00000211794.3	17.772478103637695
ENSG00000214578.5	17.77130889892578
ENSG00000276592.1	17.77118682861328
ENSG00000276819.1	17.770858764648438
ENSG00000226386.1	17.769775390625
ENSG00000270962.1	17.764822006225586
ENSG00000230937.9	17.763473510742188
ENSG00000231826.5	17.76324462890625
ENSG00000277371.1	17.756622314453125
ENSG00000238178.6	17.752883911132812
ENSG00000168631.11	17.752544403076172
ENSG00000224324.1	17.743318557739258
ENSG00000280755.1	17.736289978027344
ENSG00000244349.1	17.732807159423828
ENSG00000264391.2	17.731233596801758
ENSG00000211784.2	17.73052215576172
ENSG00000227632.2	17.72774887084961
ENSG00000273712.1	17.726964950561523
ENSG00000268307.1	17.725391387939453
ENSG00000269068.1	17.72374153137207
ENSG00000274841.1	17.722835540771484
ENSG00000278770.1	17.722261428833008
ENSG00000251451.1	17.72149658203125
ENSG00000271153.1	17.720306396484375
ENSG00000256006.1	17.717388153076172
ENSG00000218980.2	17.714262008666992
ENSG00000259092.1	17.712799072265625
ENSG00000268117.1	17.7098445892334
ENSG00000229604.2	17.70855712890625
ENSG00000262692.1	17.707918167114258
ENSG00000260859.1	17.705358505249023
ENSG00000265263.1	17.70496368408203
ENSG00000272626.1	17.703506469726562
ENSG00000260877.1	17.70168113708496
ENSG00000265936.1	17.699697494506836
ENSG00000186493.11	17.694503784179688
ENSG00000241568.3	17.690977096557617
ENSG00000258949.1	17.687440872192383
ENSG00000236489.1	17.682918548583984
ENSG00000267042.1	17.681659698486328
ENSG00000277157.1	17.67868995666504
ENSG00000256843.1	17.67784881591797
ENSG00000231995.2	17.677175521850586
ENSG00000100146.16	17.67633056640625
ENSG00000239373.3	17.674108505249023
ENSG00000114638.7	17.664888381958008
ENSG00000269304.1	17.65851593017578
ENSG00000229278.1	17.654325485229492
ENSG00000278936.1	17.654266357421875
ENSG00000215837.7	17.650102615356445
ENSG00000169271.2	17.64763832092285
ENSG00000236924.1	17.64743995666504
ENSG00000257622.1	17.646045684814453
ENSG00000239419.3	17.639307022094727
ENSG00000235869.1	17.637714385986328
ENSG00000231194.1	17.636823654174805
ENSG00000232073.1	17.635374069213867
ENSG00000105641.3	17.63532257080078
ENSG00000240006.1	17.6294002532959
ENSG00000281918.1	17.628828048706055
ENSG00000277775.1	17.627216339111328
ENSG00000240098.3	17.626144409179688
ENSG00000280571.1	17.62482452392578
ENSG00000245112.2	17.618696212768555
ENSG00000204866.8	17.61610221862793
ENSG00000278847.1	17.614551544189453
ENSG00000258581.2	17.613622665405273
ENSG00000227401.1	17.60890007019043
ENSG00000259723.1	17.607709884643555
ENSG00000231445.1	17.60759735107422
ENSG00000168903.8	17.60215187072754
ENSG00000211817.2	17.59832763671875
ENSG00000204542.2	17.595867156982422
ENSG00000243544.3	17.593721389770508
ENSG00000234906.8	17.59257698059082
ENSG00000273971.1	17.589805603027344
ENSG00000203286.5	17.58673667907715
ENSG00000259992.1	17.586606979370117
ENSG00000118017.3	17.583131790161133
ENSG00000280137.1	17.580087661743164
ENSG00000278816.1	17.57999610900879
ENSG00000268154.2	17.57878875732422
ENSG00000130720.12	17.574996948242188
ENSG00000237949.1	17.573850631713867
ENSG00000278492.1	17.572683334350586
ENSG00000100721.10	17.566509246826172
ENSG00000233799.1	17.550689697265625
ENSG00000260534.1	17.547435760498047
ENSG00000254367.5	17.547008514404297
ENSG00000173467.8	17.54523468017578
ENSG00000242140.1	17.53359603881836
ENSG00000229436.1	17.53076171875
ENSG00000256725.1	17.530609130859375
ENSG00000202406.1	17.529022216796875
ENSG00000108688.11	17.52756690979004
ENSG00000242515.5	17.525957107543945
ENSG00000254605.1	17.519756317138672
ENSG00000224269.1	17.51529312133789
ENSG00000272764.1	17.512971878051758
ENSG00000243959.3	17.51287078857422
ENSG00000259590.1	17.512800216674805
ENSG00000269125.1	17.511505126953125
ENSG00000277382.1	17.510292053222656
ENSG00000166426.7	17.505708694458008
ENSG00000185306.12	17.50499153137207
ENSG00000271100.1	17.500545501708984
ENSG00000096006.11	17.499996185302734
ENSG00000241770.1	17.498794555664062
ENSG00000270181.1	17.4962100982666
ENSG00000274845.1	17.49481964111328
ENSG00000147689.16	17.49220085144043
ENSG00000250568.1	17.491456985473633
ENSG00000223814.1	17.491302490234375
ENSG00000258884.1	17.487401962280273
ENSG00000262265.1	17.48358726501465
ENSG00000243738.3	17.4798583984375
ENSG00000226107.1	17.479331970214844
ENSG00000268650.3	17.4786434173584
ENSG00000269106.1	17.477819442749023
ENSG00000265139.1	17.47413444519043
ENSG00000251050.1	17.473018646240234
ENSG00000242999.3	17.472505569458008
ENSG00000227034.1	17.472232818603516
ENSG00000251357.4	17.468053817749023
ENSG00000196933.5	17.467042922973633
ENSG00000272923.1	17.464412689208984
ENSG00000227312.2	17.4612979888916
ENSG00000275379.1	17.457672119140625
ENSG00000143167.11	17.45478057861328
ENSG00000233868.1	17.454486846923828
ENSG00000225698.3	17.453475952148438
ENSG00000263620.1	17.45090103149414
ENSG00000214889.3	17.445024490356445
ENSG00000197888.2	17.441287994384766
ENSG00000184905.8	17.441102981567383
ENSG00000259357.2	17.429637908935547
ENSG00000240160.3	17.416053771972656
ENSG00000276430.2	17.41252899169922
ENSG00000265185.5	17.408809661865234
ENSG00000276505.1	17.406768798828125
ENSG00000235318.3	17.403945922851562
ENSG00000267653.1	17.4035587310791
ENSG00000229671.1	17.400711059570312
ENSG00000211745.3	17.39673614501953
ENSG00000229901.1	17.393815994262695
ENSG00000243053.2	17.386165618896484
ENSG00000276742.1	17.381690979003906
ENSG00000169035.11	17.38137435913086
ENSG00000237039.1	17.37532615661621
ENSG00000207340.1	17.374467849731445
ENSG00000211727.3	17.374338150024414
ENSG00000224251.6	17.37140655517578
ENSG00000233411.1	17.35419464111328
ENSG00000249055.1	17.352758407592773
ENSG00000205662.2	17.351734161376953
ENSG00000213244.3	17.351625442504883
ENSG00000272524.1	17.34454345703125
ENSG00000264187.1	17.34244155883789
ENSG00000281204.1	17.339153289794922
ENSG00000254560.5	17.336612701416016
ENSG00000183260.6	17.335248947143555
ENSG00000231521.1	17.333967208862305
ENSG00000230453.9	17.333093643188477
ENSG00000231359.3	17.32465934753418
ENSG00000167080.8	17.324310302734375
ENSG00000201457.1	17.32272720336914
ENSG00000242330.3	17.321266174316406
ENSG00000200091.1	17.312833786010742
ENSG00000253293.4	17.308191299438477
ENSG00000241439.1	17.304994583129883
ENSG00000198488.10	17.300588607788086
ENSG00000266651.1	17.29985809326172
ENSG00000269425.1	17.2945499420166
ENSG00000185479.5	17.292816162109375
ENSG00000274514.1	17.287046432495117
ENSG00000279047.3	17.285709381103516
ENSG00000242599.7	17.283344268798828
ENSG00000260349.1	17.28326416015625
ENSG00000240163.1	17.282012939453125
ENSG00000258967.1	17.280874252319336
ENSG00000278275.1	17.280668258666992
ENSG00000203647.2	17.280099868774414
ENSG00000178934.4	17.279794692993164
ENSG00000273272.1	17.276845932006836
ENSG00000275743.1	17.273828506469727
ENSG00000211659.2	17.27236557006836
ENSG00000229336.1	17.268543243408203
ENSG00000244050.2	17.264928817749023
ENSG00000249986.1	17.2646484375
ENSG00000218902.3	17.262409210205078
ENSG00000270135.1	17.258663177490234
ENSG00000278818.1	17.25251007080078
ENSG00000227300.12	17.248781204223633
ENSG00000236347.1	17.2451229095459
ENSG00000266217.2	17.242502212524414
ENSG00000276991.1	17.24053192138672
ENSG00000204709.4	17.229175567626953
ENSG00000211801.3	17.228864669799805
ENSG00000201129.1	17.22735595703125
ENSG00000238741.1	17.22540283203125
ENSG00000258153.1	17.223403930664062
ENSG00000270531.1	17.222257614135742
ENSG00000111262.4	17.22077178955078
ENSG00000279268.1	17.218549728393555
ENSG00000273870.1	17.216630935668945
ENSG00000234624.2	17.21292495727539
ENSG00000275132.1	17.212553024291992
ENSG00000221044.2	17.210460662841797
ENSG00000139144.9	17.205419540405273
ENSG00000266389.1	17.204179763793945
ENSG00000248778.1	17.201324462890625
ENSG00000130957.4	17.200153350830078
ENSG00000257184.3	17.197711944580078
ENSG00000199719.1	17.195480346679688
ENSG00000274011.1	17.194644927978516
ENSG00000196553.13	17.190248489379883
ENSG00000240733.3	17.187999725341797
ENSG00000211955.2	17.187408447265625
ENSG00000242583.1	17.181316375732422
ENSG00000274475.1	17.17680549621582
ENSG00000182938.4	17.171661376953125
ENSG00000187689.9	17.169485092163086
ENSG00000227755.1	17.168275833129883
ENSG00000231240.1	17.16826820373535
ENSG00000221874.4	17.16701889038086
ENSG00000184601.10	17.166954040527344
ENSG00000243404.2	17.166872024536133
ENSG00000228998.4	17.165651321411133
ENSG00000261520.5	17.16510581970215
ENSG00000278590.1	17.163728713989258
ENSG00000268593.3	17.16351318359375
ENSG00000240823.3	17.16172218322754
ENSG00000250934.1	17.161712646484375
ENSG00000235459.5	17.142475128173828
ENSG00000229367.1	17.13037872314453
ENSG00000196228.3	17.128080368041992
ENSG00000244307.3	17.125959396362305
ENSG00000253744.1	17.125471115112305
ENSG00000241529.3	17.122987747192383
ENSG00000233532.5	17.121021270751953
ENSG00000226153.1	17.120389938354492
ENSG00000272707.1	17.1200008392334
ENSG00000265490.1	17.117382049560547
ENSG00000265753.2	17.114486694335938
ENSG00000122859.4	17.114315032958984
ENSG00000276756.4	17.11054229736328
ENSG00000156076.9	17.10259246826172
ENSG00000272911.1	17.10094451904297
ENSG00000225900.1	17.100831985473633
ENSG00000212163.5	17.100629806518555
ENSG00000233613.5	17.094327926635742
ENSG00000222750.1	17.092422485351562
ENSG00000231849.1	17.0919189453125
ENSG00000274128.1	17.091196060180664
ENSG00000229618.1	17.08917808532715
ENSG00000218690.1	17.088232040405273
ENSG00000152977.9	17.08746337890625
ENSG00000249806.1	17.085491180419922
ENSG00000230330.1	17.080904006958008
ENSG00000277223.1	17.079437255859375
ENSG00000139515.5	17.076820373535156
ENSG00000232775.6	17.07644271850586
ENSG00000280323.1	17.075403213500977
ENSG00000277039.1	17.073429107666016
ENSG00000270553.1	17.071748733520508
ENSG00000229169.1	17.07023811340332
ENSG00000270550.1	17.069843292236328
ENSG00000258122.1	17.066532135009766
ENSG00000274423.1	17.06231117248535
ENSG00000106038.12	17.05866813659668
ENSG00000270236.1	17.052263259887695
ENSG00000200997.1	17.05184555053711
ENSG00000111245.14	17.050039291381836
ENSG00000272958.1	17.04982566833496
ENSG00000278249.1	17.041109085083008
ENSG00000277745.1	17.04099464416504
ENSG00000268400.5	17.040828704833984
ENSG00000211637.2	17.03567123413086
ENSG00000233041.8	17.03565788269043
ENSG00000280827.1	17.033018112182617
ENSG00000269652.1	17.02912139892578
ENSG00000181577.15	17.019744873046875
ENSG00000234272.1	17.018665313720703
ENSG00000270072.1	17.01719093322754
ENSG00000226286.1	17.011070251464844
ENSG00000266997.2	17.004793167114258
ENSG00000277450.1	17.00339126586914
ENSG00000226243.1	16.993623733520508
ENSG00000185247.14	16.989866256713867
ENSG00000255569.1	16.986642837524414
ENSG00000207406.1	16.985780715942383
ENSG00000260272.1	16.983856201171875
ENSG00000276903.1	16.98354148864746
ENSG00000229820.2	16.9825439453125
ENSG00000224476.3	16.98155403137207
ENSG00000265802.2	16.980937957763672
ENSG00000254675.1	16.978897094726562
ENSG00000214940.8	16.978158950805664
ENSG00000258053.1	16.976951599121094
ENSG00000258815.1	16.97580909729004
ENSG00000202347.1	16.974735260009766
ENSG00000259747.1	16.97397232055664
ENSG00000243847.3	16.97101593017578
ENSG00000198868.3	16.967355728149414
ENSG00000240180.1	16.965150833129883
ENSG00000275343.1	16.959041595458984
ENSG00000278700.1	16.95509910583496
ENSG00000267140.1	16.954078674316406
ENSG00000243339.3	16.9539794921875
ENSG00000272537.1	16.94767189025879
ENSG00000271181.1	16.94661521911621
ENSG00000215113.6	16.941509246826172
ENSG00000275881.1	16.940784454345703
ENSG00000125820.5	16.940685272216797
ENSG00000228976.1	16.936952590942383
ENSG00000169894.17	16.932586669921875
ENSG00000185686.17	16.930816650390625
ENSG00000237329.2	16.93061065673828
ENSG00000244232.3	16.929838180541992
ENSG00000240231.1	16.926353454589844
ENSG00000232133.1	16.925596237182617
ENSG00000211962.2	16.92321014404297
ENSG00000278588.1	16.922744750976562
ENSG00000229822.2	16.922195434570312
ENSG00000256826.1	16.91880226135254
ENSG00000258137.5	16.917720794677734
ENSG00000227590.2	16.915319442749023
ENSG00000235328.1	16.91147232055664
ENSG00000254715.3	16.904966354370117
ENSG00000241657.1	16.896770477294922
ENSG00000275713.1	16.895715713500977
ENSG00000277373.1	16.8939151763916
ENSG00000276135.1	16.893226623535156
ENSG00000204837.3	16.88787269592285
ENSG00000170465.9	16.887638092041016
ENSG00000276953.1	16.885608673095703
ENSG00000237070.1	16.881114959716797
ENSG00000215115.6	16.87950897216797
ENSG00000259692.5	16.874923706054688
ENSG00000211970.3	16.871248245239258
ENSG00000263859.1	16.87002182006836
ENSG00000222460.1	16.868749618530273
ENSG00000227471.8	16.867647171020508
ENSG00000250376.1	16.859722137451172
ENSG00000240435.2	16.855640411376953
ENSG00000228834.1	16.853500366210938
ENSG00000212293.1	16.85132598876953
ENSG00000230698.1	16.844402313232422
ENSG00000277986.1	16.8433780670166
ENSG00000278924.1	16.843050003051758
ENSG00000236848.2	16.842599868774414
ENSG00000239335.4	16.841115951538086
ENSG00000236646.1	16.840911865234375
ENSG00000267654.1	16.84087562561035
ENSG00000233849.1	16.83576202392578
ENSG00000255191.1	16.835723876953125
ENSG00000266467.2	16.82805061340332
ENSG00000268081.1	16.826862335205078
ENSG00000258791.7	16.820783615112305
ENSG00000230929.5	16.81561279296875
ENSG00000211749.1	16.814119338989258
ENSG00000275070.1	16.813365936279297
ENSG00000251578.1	16.812192916870117
ENSG00000276557.1	16.81124496459961
ENSG00000243238.1	16.810792922973633
ENSG00000256084.1	16.806289672851562
ENSG00000223544.1	16.804218292236328
ENSG00000243103.3	16.79901695251465
ENSG00000248174.5	16.796337127685547
ENSG00000127928.12	16.794950485229492
ENSG00000274758.1	16.794925689697266
ENSG00000235077.1	16.794260025024414
ENSG00000169906.5	16.793745040893555
ENSG00000235700.1	16.7913761138916
ENSG00000259984.1	16.781309127807617
ENSG00000281348.1	16.779808044433594
ENSG00000243313.2	16.77977180480957
ENSG00000273760.1	16.778074264526367
ENSG00000181143.15	16.776721954345703
ENSG00000240086.5	16.775846481323242
ENSG00000211976.2	16.77570915222168
ENSG00000261771.5	16.77531623840332
ENSG00000229694.6	16.773460388183594
ENSG00000280567.1	16.769071578979492
ENSG00000275812.1	16.768709182739258
ENSG00000275140.1	16.768165588378906
ENSG00000225356.3	16.764144897460938
ENSG00000255462.1	16.76352882385254
ENSG00000240723.3	16.76108169555664
ENSG00000281593.1	16.760311126708984
ENSG00000252947.1	16.757558822631836
ENSG00000227857.2	16.75286293029785
ENSG00000154252.11	16.74558448791504
ENSG00000244067.2	16.741073608398438
ENSG00000255090.5	16.74009895324707
ENSG00000211945.2	16.73678207397461
ENSG00000279806.1	16.73467445373535
ENSG00000230533.1	16.733264923095703
ENSG00000099984.10	16.73294448852539
ENSG00000233376.1	16.732372283935547
ENSG00000250385.1	16.725650787353516
ENSG00000049247.13	16.7249755859375
ENSG00000211810.3	16.7225284576416
ENSG00000258732.1	16.720117568969727
ENSG00000240531.1	16.720117568969727
ENSG00000271889.1	16.715862274169922
ENSG00000255142.1	16.714075088500977
ENSG00000189229.10	16.7092227935791
ENSG00000132911.4	16.70764923095703
ENSG00000279074.1	16.706331253051758
ENSG00000240905.3	16.70465850830078
ENSG00000258011.2	16.69923973083496
ENSG00000280502.1	16.699058532714844
ENSG00000280852.1	16.698348999023438
ENSG00000279986.1	16.696855545043945
ENSG00000267561.2	16.695110321044922
ENSG00000248693.1	16.694448471069336
ENSG00000267436.1	16.693666458129883
ENSG00000187762.5	16.693178176879883
ENSG00000273975.1	16.690587997436523
ENSG00000160182.2	16.690561294555664
ENSG00000259735.1	16.687650680541992
ENSG00000128713.12	16.686492919921875
ENSG00000242602.1	16.684492111206055
ENSG00000270118.1	16.681428909301758
ENSG00000261063.1	16.681119918823242
ENSG00000196747.4	16.680490493774414
ENSG00000211947.2	16.680461883544922
ENSG00000224220.1	16.680147171020508
ENSG00000070031.3	16.67424774169922
ENSG00000227257.1	16.66781234741211
ENSG00000231749.3	16.667524337768555
ENSG00000264017.2	16.664688110351562
ENSG00000264384.2	16.66310691833496
ENSG00000242375.1	16.66246795654297
ENSG00000262172.1	16.661907196044922
ENSG00000224331.2	16.66061782836914
ENSG00000275516.1	16.653331756591797
ENSG00000266850.1	16.65327262878418
ENSG00000274275.1	16.652069091796875
ENSG00000272541.1	16.650634765625
ENSG00000237676.1	16.6502742767334
ENSG00000220614.1	16.64896011352539
ENSG00000211517.1	16.647768020629883
ENSG00000241157.1	16.64261245727539
ENSG00000257743.8	16.64185333251953
ENSG00000263105.1	16.639881134033203
ENSG00000274341.1	16.63840103149414
ENSG00000268120.1	16.630521774291992
ENSG00000162344.3	16.630292892456055
ENSG00000267637.1	16.622774124145508
ENSG00000242522.1	16.621028900146484
ENSG00000188931.3	16.618099212646484
ENSG00000211956.2	16.618026733398438
ENSG00000103355.12	16.61167335510254
ENSG00000228275.1	16.606916427612305
ENSG00000219391.1	16.60354995727539
ENSG00000233286.1	16.601802825927734
ENSG00000206910.1	16.595352172851562
ENSG00000278505.4	16.592384338378906
ENSG00000262686.1	16.587984085083008
ENSG00000240040.5	16.585962295532227
ENSG00000231431.7	16.58513641357422
ENSG00000159763.3	16.583126068115234
ENSG00000264012.1	16.581777572631836
ENSG00000267696.6	16.580223083496094
ENSG00000248663.6	16.579492568969727
ENSG00000250767.1	16.57584571838379
ENSG00000244671.3	16.57541275024414
ENSG00000205420.10	16.57440948486328
ENSG00000223345.3	16.572477340698242
ENSG00000211782.2	16.567668914794922
ENSG00000250697.1	16.565868377685547
ENSG00000234354.3	16.564714431762695
ENSG00000243403.1	16.563514709472656
ENSG00000239614.1	16.56149673461914
ENSG00000224618.1	16.555492401123047
ENSG00000257181.1	16.55191993713379
ENSG00000275607.1	16.54461097717285
ENSG00000233980.1	16.54458999633789
ENSG00000266995.1	16.542495727539062
ENSG00000254959.6	16.540681838989258
ENSG00000230415.1	16.539575576782227
ENSG00000211710.3	16.53518295288086
ENSG00000268598.1	16.529396057128906
ENSG00000242756.2	16.529354095458984
ENSG00000278679.1	16.527929306030273
ENSG00000105989.8	16.526704788208008
ENSG00000281383.1	16.525474548339844
ENSG00000277302.1	16.501220703125
ENSG00000269392.1	16.49951171875
ENSG00000211645.2	16.49561882019043
ENSG00000263931.1	16.49477195739746
ENSG00000202363.1	16.487218856811523
ENSG00000148346.11	16.48546028137207
ENSG00000278794.1	16.484949111938477
ENSG00000211714.3	16.483591079711914
ENSG00000161133.16	16.481712341308594
ENSG00000254855.1	16.481475830078125
ENSG00000249746.1	16.476314544677734
ENSG00000229186.4	16.47592544555664
ENSG00000224984.1	16.475908279418945
ENSG00000227076.1	16.471799850463867
ENSG00000256001.1	16.471372604370117
ENSG00000253616.5	16.47049903869629
ENSG00000225398.3	16.469955444335938
ENSG00000068781.20	16.46672248840332
ENSG00000254338.1	16.462871551513672
ENSG00000163631.16	16.459850311279297
ENSG00000255422.1	16.45819091796875
ENSG00000232324.1	16.455583572387695
ENSG00000253706.5	16.453487396240234
ENSG00000205663.5	16.452219009399414
ENSG00000238008.1	16.449857711791992
ENSG00000197061.4	16.449716567993164
ENSG00000241418.1	16.448993682861328
ENSG00000241134.3	16.44719123840332
ENSG00000254538.1	16.444822311401367
ENSG00000244730.1	16.44268798828125
ENSG00000230338.1	16.44076156616211
ENSG00000272407.1	16.440444946289062
ENSG00000273353.1	16.440078735351562
ENSG00000253363.5	16.437416076660156
ENSG00000234167.1	16.43585968017578
ENSG00000214856.11	16.433103561401367
ENSG00000243538.1	16.430400848388672
ENSG00000253196.1	16.41309928894043
ENSG00000275882.1	16.41036033630371
ENSG00000259618.1	16.40899658203125
ENSG00000253701.2	16.40780258178711
ENSG00000118271.9	16.396514892578125
ENSG00000273104.1	16.396028518676758
ENSG00000253414.2	16.392078399658203
ENSG00000229156.1	16.38633155822754
ENSG00000237702.2	16.385910034179688
ENSG00000233845.1	16.38405418395996
ENSG00000263781.3	16.382694244384766
ENSG00000258116.1	16.37598419189453
ENSG00000188064.9	16.37214469909668
ENSG00000215184.2	16.370153427124023
ENSG00000266495.1	16.36669921875
ENSG00000260011.2	16.359882354736328
ENSG00000211979.2	16.357622146606445
ENSG00000235559.1	16.353607177734375
ENSG00000231748.1	16.35194969177246
ENSG00000241120.1	16.3461856842041
ENSG00000267590.1	16.3405818939209
ENSG00000271765.1	16.340267181396484
ENSG00000266538.1	16.336132049560547
ENSG00000131050.10	16.33526611328125
ENSG00000241003.1	16.329957962036133
ENSG00000173702.7	16.327312469482422
ENSG00000266176.1	16.326200485229492
ENSG00000250740.1	16.325702667236328
ENSG00000231296.1	16.325584411621094
ENSG00000267582.1	16.32504653930664
ENSG00000270457.1	16.323471069335938
ENSG00000234017.1	16.320968627929688
ENSG00000165376.10	16.31716537475586
ENSG00000170890.13	16.315351486206055
ENSG00000243297.2	16.3148250579834
ENSG00000281419.1	16.312496185302734
ENSG00000273019.1	16.311708450317383
ENSG00000240750.3	16.31153106689453
ENSG00000237748.1	16.310400009155273
ENSG00000241420.3	16.310161590576172
ENSG00000236890.2	16.309877395629883
ENSG00000274615.1	16.308446884155273
ENSG00000264188.1	16.30720329284668
ENSG00000199691.1	16.306705474853516
ENSG00000238269.8	16.3034610748291
ENSG00000276704.1	16.29792594909668
ENSG00000087250.8	16.294052124023438
ENSG00000270951.1	16.290390014648438
ENSG00000217078.1	16.28662109375
ENSG00000278769.1	16.283788681030273
ENSG00000241765.2	16.282724380493164
ENSG00000256654.2	16.27725601196289
ENSG00000273088.1	16.275758743286133
ENSG00000215221.2	16.273820877075195
ENSG00000249721.1	16.27373504638672
ENSG00000202260.1	16.27165985107422
ENSG00000267314.1	16.270883560180664
ENSG00000183072.9	16.26667022705078
ENSG00000260391.2	16.26494026184082
ENSG00000242829.1	16.262577056884766
ENSG00000270828.1	16.26140594482422
ENSG00000188512.6	16.26087188720703
ENSG00000240589.3	16.25626564025879
ENSG00000223969.5	16.248287200927734
ENSG00000165192.13	16.245872497558594
ENSG00000199683.1	16.244285583496094
ENSG00000231970.1	16.239849090576172
ENSG00000275097.1	16.239543914794922
ENSG00000254902.1	16.22908592224121
ENSG00000216867.2	16.22418212890625
ENSG00000250133.2	16.223812103271484
ENSG00000273325.1	16.22184944152832
ENSG00000278334.1	16.21599769592285
ENSG00000238168.5	16.21535873413086
ENSG00000253227.1	16.214265823364258
ENSG00000259684.1	16.2141056060791
ENSG00000186466.5	16.211612701416016
ENSG00000242971.3	16.211288452148438
ENSG00000235523.1	16.206777572631836
ENSG00000278276.1	16.20439910888672
ENSG00000238042.5	16.199939727783203
ENSG00000175509.8	16.197450637817383
ENSG00000238058.1	16.197172164916992
ENSG00000241635.7	16.19551658630371
ENSG00000230500.1	16.183467864990234
ENSG00000222448.1	16.17937469482422
ENSG00000233070.1	16.177724838256836
ENSG00000262920.5	16.17728042602539
ENSG00000231165.3	16.174938201904297
ENSG00000079689.13	16.168874740600586
ENSG00000254429.1	16.167299270629883
ENSG00000225762.1	16.166427612304688
ENSG00000142224.15	16.165924072265625
ENSG00000272043.1	16.16546630859375
ENSG00000273979.1	16.16335105895996
ENSG00000237903.1	16.16019058227539
ENSG00000225883.2	16.159618377685547
ENSG00000223774.5	16.158096313476562
